Data,Negozio,Prodotto,Quantita,Prezzo_unitario
2023-09-01,Milano,Smartphone,5,499.99
2023-09-01,Roma,Laptop,3,899.99
2023-09-01,Napoli,TV,2,699.99
2023-09-02,Milano,Laptop,4,999.99
2023-09-02,Roma,Smartphone,7,449.99
2023-09-02,Napoli,TV,3,599.99
2023-09-03,Milano,TV,2,749.99
2023-09-03,Roma,Laptop,5,849.99
2023-09-03,Napoli,Smartphone,6,399.99
2023-09-04,Milano,Smartphone,8,529.99
2023-09-04,Roma,TV,3,679.99
2023-09-04,Napoli,Laptop,2,1099.99
2023-09-05,Milano,Laptop,3,949.99
2023-09-05,Roma,Smartphone,9,479.99
2023-09-05,Napoli,TV,4,649.99
2023-09-06,Milano,TV,5,719.99
2023-09-06,Roma,Laptop,2,929.99
2023-09-06,Napoli,Smartphone,10,429.99
2023-09-07,Milano,Smartphone,6,489.99
2023-09-07,Roma,TV,4,729.99
2023-09-07,Napoli,Laptop,3,979.99
2023-09-08,Milano,Laptop,5,879.99
2023-09-08,Roma,Smartphone,8,459.99
2023-09-08,Napoli,TV,2,619.99
2023-09-09,Milano,TV,3,699.99
2023-09-09,Roma,Laptop,4,919.99
2023-09-09,Napoli,Smartphone,7,419.99
2023-09-10,Milano,Smartphone,9,509.99
2023-09-10,Roma,TV,5,659.99
2023-09-10,Napoli,Laptop,2,1049.99
2023-09-11,Milano,Laptop,4,969.99
2023-09-11,Roma,Smartphone,6,469.99
2023-09-11,Napoli,TV,3,639.99